Clone_ID,Clone_Name,AA_Seq,FM Binding Coverage (%),FM Binding σ,Spectrophotometry Binding Coverage (%),Spectrophotometry Binding σ
1,R1AE1-1,SPQKLLSSIDPR,16.29,2.41,47.23,0.26
2,R1AE1-2,IPPALMTANISI,24.31,3.34,37.04,1.22
3,R1AE1-3,QWNPSMHNDETN,20.21,2.25,36.18,2.81
4,R1-AE1-5,FTTPRQQSSTSW,9.80,2.34,21.84,0.00
5,R1-AE1-6,MKSGELPTRDLR,6.08,1.61,24.61,0.19
6,R1-AE1-8,MAETINLTTSHV,24.62,1.85,40.16,0.58
7,R1AE2-1,HSPAAISVPPPG,16.18,2.66,26.97,1.44
8,R1AE2-2,WPGNKLLTVTSV,19.26,2.68,42.81,0.64
9,R1AE2-3,TPYETIFDPRTS,46.49,3.21,38.63,0.36
10,R1-AE2-4,LESRFVQNSNHS,7.15,1.60,33.11,0.57
11,R1-AE2-5,KIYDSGPLSYGQ,11.64,2.27,34.11,0.28
12,R1-AE2-7,SDGHKHPHLPFR,1.62,0.24,35.32,0.18
13,R1-AE2-8,SYQTLPFHLGLI,90.72,2.74,73.61,0.97
14,R1AE3-2,NLYGYPRNPLHY,21.80,3.41,88.08,0.34
15,R1-AE3-4,LRLADVTAAEFH,1.24,0.36,38.52,0.83
16,R1-AE3-5,YDTKSSLNLSYS,11.42,1.74,33.55,0.62
17,R1-AE3-7,SLTSVEHHLIPP,12.52,0.09,30.58,0.92
18,R1AE4-1,AHPHSDKLVPPR,8.48,3.12,18.86,1.12
19,R1AE4-2,WDSHLTDHRTTQ,11.69,0.28,39.37,0.53
20,R1AE4-3,NPSWSWWRQLNH,22.22,2.00,39.10,2.71
21,R1-AE4-5,ATTSILVQNIPT,9.95,2.69,30.19,0.55
22,R1-AE4-6,NPMPSAHQIARR,1.63,0.64,32.57,1.05
23,R1-AE4-7,TAYLHATTRMYN,3.85,0.46,57.99,0.47
24,R1-AE4-8,ASNHSIPTFPLK,9.16,1.47,31.95,0.89
25,R1AE5-1,TPTTHSPWTSPP,19.79,0.08,36.85,1.11
26,R1AE5-2,AHLDRKPLPYVP,9.43,2.50,66.14,0.73
27,R1AE5-3,SVRPIYAQQLRS,50.86,6.45,59.03,0.58
28,R1-AE5-5,TISAFTSFMPTN,31.40,1.62,50.40,1.73
29,R1-AE5-6,NSPVSASFPSTL,7.33,0.41,36.08,0.36
30,R1-AE5-7,SRHMLNLPPFYS,60.48,6.19,65.24,1.17
31,R1-AE5-8,IQGYPPLNLRSE,41.13,3.43,44.53,0.19
32,R2AE1-1,YPVQNYQDPLIA,23.67,1.47,33.60,0.00
33,R2AE1-2,NYLPHQSSSPSR,36.37,7.17,33.24,1.63
34,R2AE1-3,TAFHFPPQMTYV,10.68,2.26,33.16,0.97
35,R2AE2-2,TTETHSTSTFFS,39.97,2.98,40.17,1.05
36,R2AE2-3,HMWPASYSSTGT,12.91,3.03,47.14,0.56
37,R2AE3-1,TDYPLKPHLAHH,5.65,1.13,36.61,0.08
38,R2AE3-2,TNPLDARFHEPT,2.31,1.11,31.65,0.60
39,R2AE4-1,TLGSNLLFRSVT,11.73,2.64,45.15,0.33
40,R2AE4-2,YASQSALSHSAR,35.86,1.79,43.99,1.40
41,R2AE6-1,MKAHHSQLYPRH,93.46,5.68,87.44,0.68
42,R2AE6-2,EVQLLWPHWMET,83.86,4.45,59.80,1.63
43,R2-E1-4,YSGSVALTTATP,2.82,0.83,34.02,0.25
44,R2-E1-5,LRPSTHYHSQRL,87.49,9.72,60.13,0.00
45,R2-E1-6,IPLLNPGSMQLS,9.51,1.72,32.30,1.57
46,R2-E2-4,MQHSSSVTSRLS,11.06,2.18,38.08,1.34
47,R2-E2-5,HWEVHTANIHKA,37.32,6.96,69.08,0.18
48,R2-E2-6,TPSPITQGTGNF,6.59,0.89,38.46,0.60
49,R2-E2-7,ARSLEPAPSRHS,25.63,1.99,52.74,0.82
50,R2-E3-4,WDAQSETVLRAP,20.63,2.30,30.31,0.36
51,R2-E3-5,FHQPQVTVLGIP,3.98,1.28,33.15,1.09
52,R2-E3-7,TAISTPKSNTPP,2.54,0.85,18.08,1.75
53,R2-E4-5,FTPHPVGRPHTM,15.41,4.27,47.81,0.27
54,R2-E4-6,YGPNHPTTTMPR,39.20,1.91,26.24,0.09
55,R2-E4-7,VQEGFITKMTTP,5.97,4.63,33.18,1.80
56,R2-E5-4,SASHKNFSDVYL,8.71,0.87,42.44,0.88
57,R2-E5-6,TTRLFHDHTFVM,22.68,1.37,61.32,0.65
58,R2-E6-5,MHPSTSWLDSTP,1.81,0.25,38.26,0.97
59,R2-E6-6,SSLYGTSRDNQF,3.09,0.94,43.72,1.73
60,R3AE1-1,AMLDAGEFPQAQ,1.88,0.62,44.24,0.09
61,R3AE1-2,SLPNYVLHMPVY,8.06,1.95,64.97,0.18
62,R3AE1-4,LPLNYQLPSTTV,2.49,0.51,40.36,1.01
63,R3AE1-5,YSLRLTSVTAPT,11.25,0.70,60.45,0.45
64,R3AE2-1,LGTGPYSPSRGL,0.35,0.05,41.41,0.00
65,R3AE2-2,RSPDPNVSHSYN,0.58,0.11,30.35,0.08
66,R3AE2-4,NRMWSPHTEIHL,14.60,2.67,48.98,0.83
67,R3AE2-5,YMPLTPHTHAEK,7.56,1.90,58.98,0.76
68,R3AE2-6,MYNPDPNRLARS,1.32,0.65,76.76,0.82
69,R3AE3-1,EHLSNYTRTWPQ,27.54,0.42,43.74,0.64
70,R3AE3-2,LISTMAKASTLS,0.76,0.07,65.66,1.08
71,R3AE3-4,FPLTSMESPGAA,1.62,0.26,41.38,0.00
72,R3AE4-2,SPDKESLSEFQM,1.61,0.45,34.08,0.64
73,R3AE4-3,VENYMLDSASFT,15.39,1.76,44.35,0.65
74,R3AE5-1,TAVEVPGLPTRQ,0.47,0.13,29.99,1.31
75,R3AE5-2,TGPNSWTLYPML,10.77,2.28,63.81,0.37
76,R3AE5-3,HPEVVLTNWPHP,10.46,2.27,52.73,0.10
77,R3AE6-2,HKSNVLRYLDGW,55.40,3.45,79.73,0.76
78,R3AE6-4,HMRTMPYPHLPW,30.92,9.38,46.23,0.00
79,R3AE6-5,TFSQTPLKNLFT,1.21,0.17,23.84,2.61
80,R4-E1-1,TPRALAHMHTAY,18.14,3.74,40.59,1.97
81,R4-E1-3,HMSYGNGTRDTP,20.27,3.38,37.86,0.27
82,R4-E1-4,HMYHLNQMPSNA,6.83,0.99,42.28,0.71
83,R4-E1-6,HSTDPHPWFWMP,78.84,8.52,72.14,1.56
84,R4-E2-3,YHVRWDTLLVGN,49.04,4.68,79.60,0.38
85,R4-E2-5,YHRQSIHIPTAV,51.43,6.77,67.67,1.55
86,R4-E3-1,SVKYWAPSHKHK,47.42,6.50,66.26,2.93
87,R4-E3-2,HTPLGPFFMYPP,9.89,0.81,81.29,0.44
88,R4-E3-4,TLDEHPPMSSRA,2.15,0.71,10.80,2.71
89,R4-E4-1,SAHPSRVNVHSL,6.95,0.50,22.23,0.46
90,R4-E4-2,NNVNSSPAYILQ,10.01,3.11,17.38,0.38
91,R4-E4-3,TGSAKFLQRDTH,10.20,4.29,33.04,0.72
92,R4-E5-1,YGSTSHTFFSQT,59.14,6.23,33.08,0.74
93,R4-E5-2,QHTALPENSSPH,7.56,1.70,28.28,1.57
94,R4-E5-4,SPSSFRHGSAVS,62.22,0.96,20.37,1.83
95,R4-E5-6,AVMHRMSNTHMP,71.05,4.07,20.61,3.01
96,R4-E6-5,TLMQPSHAGLTL,31.70,1.94,18.19,0.18